{
  "formatVersion": 1,
  "database": {
    "version": 1,
    "identityHash": "2b674a9520863ffe23c42e811a853d6b",
    "entities": [
      {
        "tableName": "LEDEntity",
        "createSql": "CREATE TABLE IF NOT EXISTS `${TABLE_NAME}` (`id` INTEGER PRIMARY KEY AUTOINCREMENT, `content` TEXT, `textColor` INTEGER, `bgColor` INTEGER, `textSize` INTEGER, `ledSize` INTEGER)",
        "fields": [
          {
            "fieldPath": "id",
            "columnName": "id",
            "affinity": "INTEGER"
          },
          {
            "fieldPath": "content",
            "columnName": "content",
            "affinity": "TEXT"
          },
          {
            "fieldPath": "textColor",
            "columnName": "textColor",
            "affinity": "INTEGER"
          },
          {
            "fieldPath": "bgColor",
            "columnName": "bgColor",
            "affinity": "INTEGER"
          },
          {
            "fieldPath": "textSize",
            "columnName": "textSize",
            "affinity": "INTEGER"
          },
          {
            "fieldPath": "ledSize",
            "columnName": "ledSize",
            "affinity": "INTEGER"
          }
        ],
        "primaryKey": {
          "columnNames": [
            "id"
          ],
          "autoGenerate": true
        },
        "indices": [],
        "foreignKeys": []
      }
    ],
    "setupQueries": [
      "CREATE TABLE IF NOT EXISTS room_master_table (id INTEGER PRIMARY KEY,identity_hash TEXT)",
      "INSERT OR REPLACE INTO room_master_table (id,identity_hash) VALUES(42, \"2b674a9520863ffe23c42e811a853d6b\")"
    ]
  }
}